Track,TestCase,Matcher,Label Left,Comment Left,Type Left,URI Left,Relation,Confidence (Matcher),URI Right,Label Right,Comment Right,Type Right,Residual True Positive,Evaluation Result
dh,idai-pactols,matcha_new.tar.gz,[],[],"[""skos:Concept""]",http://thesauri.dainst.org/_68e1bd31,=,0.0,https://ark.frantiq.fr/ark:/26678/pcrt1FD59O4eTz,[],[],"[""skos:Concept""]",true,false negative
dh,idai-pactols,matcha_new.tar.gz,[],[],"[""skos:Concept""]",http://thesauri.dainst.org/_d321ff61,=,0.0,https://ark.frantiq.fr/ark:/26678/pcrtgWbicZTgZe,[],[],"[""skos:Concept""]",true,false negative
dh,idai-pactols,matcha_new.tar.gz,[],[],"[""skos:Concept""]",http://thesauri.dainst.org/_d3b9f438,=,0.8183999999999998,https://ark.frantiq.fr/ark:/26678/pcrtKZYwYOkWlK,[],[],"[""skos:Concept""]",true,true positive
dh,idai-pactols,matcha_new.tar.gz,[],[],"[""skos:Concept""]",http://thesauri.dainst.org/_3ec72d64,=,0.0,https://ark.frantiq.fr/ark:/26678/pcrt7UXeYrS8Nb,[],[],"[""skos:Concept""]",true,false negative
dh,idai-pactols,matcha_new.tar.gz,[],[],"[""skos:Concept""]",http://thesauri.dainst.org/_b02158bd,=,0.7831999999999998,https://ark.frantiq.fr/ark:/26678/pcrtJUwAaZ7Nz9,[],[],"[""skos:Concept""]",true,true positive
dh,idai-pactols,matcha_new.tar.gz,[],[],"[""skos:Concept""]",http://thesauri.dainst.org/_e0531417,=,0.8750789282701377,https://ark.frantiq.fr/ark:/26678/pcrtms2OAv82PY,[],[],"[""skos:Concept""]",false,false positive
dh,idai-pactols,matcha_new.tar.gz,[],[],"[""skos:Concept""]",http://thesauri.dainst.org/_2c06eae5,=,0.0,https://ark.frantiq.fr/ark:/26678/pcrtJUwAaZ7Nz9,[],[],"[""skos:Concept""]",true,false negative
dh,idai-pactols,matcha_new.tar.gz,[],[],"[""skos:Concept""]",http://thesauri.dainst.org/_4688b7a6,=,0.8009999999999998,https://ark.frantiq.fr/ark:/26678/pcrtF9P4mbuyGk,[],[],"[""skos:Concept""]",true,true positive
dh,idai-pactols,matcha_new.tar.gz,[],[],"[""skos:Concept""]",http://thesauri.dainst.org/_c40b4a1d,=,0.0,https://ark.frantiq.fr/ark:/26678/pcrtrMvNrtSOHs,[],[],"[""skos:Concept""]",true,false negative
dh,idai-pactols,matcha_new.tar.gz,[],[],"[""skos:Concept""]",http://thesauri.dainst.org/_2f0a0fae,=,0.8197199999999999,https://ark.frantiq.fr/ark:/26678/pcrtQY3u48DUrQ,[],[],"[""skos:Concept""]",false,false positive
dh,idai-pactols,matcha_new.tar.gz,[],[],"[""skos:Concept""]",http://thesauri.dainst.org/_d67080ff,=,0.8797650808336739,https://ark.frantiq.fr/ark:/26678/pcrtKei7jxhn32,[],[],"[""skos:Concept""]",false,false positive
dh,idai-pactols,matcha_new.tar.gz,[],[],"[""skos:Concept""]",http://thesauri.dainst.org/_3b4ba2e6,=,0.8095999999999999,https://ark.frantiq.fr/ark:/26678/pcrtXGgQa70ZVU,[],[],"[""skos:Concept""]",false,false positive
dh,idai-pactols,matcha_new.tar.gz,[],[],"[""skos:Concept""]",http://thesauri.dainst.org/_87a30753,=,0.8007999999999998,https://ark.frantiq.fr/ark:/26678/pcrtxKnfzXYMxK,[],[],"[""skos:Concept""]",false,false positive
dh,idai-pactols,matcha_new.tar.gz,[],[],"[""skos:Concept""]",http://thesauri.dainst.org/_8b38cf01,=,0.0,https://ark.frantiq.fr/ark:/26678/pcrt0Krn6QJlhU,[],[],"[""skos:Concept""]",true,false negative
dh,idai-pactols,matcha_new.tar.gz,[],[],"[""skos:Concept""]",http://thesauri.dainst.org/_f09b41b4,=,0.8741999999999999,https://ark.frantiq.fr/ark:/26678/pcrt0Krn6QJlhU,[],[],"[""skos:Concept""]",true,true positive
dh,idai-pactols,matcha_new.tar.gz,[],[],"[""skos:Concept""]",http://thesauri.dainst.org/_a9e10cab,=,0.0,https://ark.frantiq.fr/ark:/26678/pcrtp5Wcpmp9I3,[],[],"[""skos:Concept""]",true,false negative
dh,idai-pactols,matcha_new.tar.gz,[],[],"[""skos:Concept""]",http://thesauri.dainst.org/_7331ad90,=,0.8769156204821574,https://ark.frantiq.fr/ark:/26678/pcrtSp0Bn88zX1,[],[],"[""skos:Concept""]",false,false positive
dh,idai-pactols,matcha_new.tar.gz,[],[],"[""skos:Concept""]",http://thesauri.dainst.org/_1adf0150,=,0.0,https://ark.frantiq.fr/ark:/26678/pcrtpbgzj4c0da,[],[],"[""skos:Concept""]",true,false negative
dh,idai-pactols,matcha_new.tar.gz,[],[],"[""skos:Concept""]",http://thesauri.dainst.org/_fd86e2ca,=,0.9049723757960069,https://ark.frantiq.fr/ark:/26678/pcrtNU9yWjKe6U,[],[],"[""skos:Concept""]",false,false positive
dh,idai-pactols,matcha_new.tar.gz,[],[],"[""skos:Concept""]",http://thesauri.dainst.org/_af2f2dad,=,0.0,https://ark.frantiq.fr/ark:/26678/pcrtVgXu5JJGUg,[],[],"[""skos:Concept""]",true,false negative
dh,idai-pactols,matcha_new.tar.gz,[],[],"[""skos:Concept""]",http://thesauri.dainst.org/_7020590d,=,0.8489413412366175,https://ark.frantiq.fr/ark:/26678/pcrt9PJh9aTXv4,[],[],"[""skos:Concept""]",false,false positive
dh,idai-pactols,matcha_new.tar.gz,[],[],"[""skos:Concept""]",http://thesauri.dainst.org/_79da6a36,=,0.8007999999999998,https://ark.frantiq.fr/ark:/26678/pcrt5MQsnfNDTD,[],[],"[""skos:Concept""]",false,false positive
dh,idai-pactols,matcha_new.tar.gz,[],[],"[""skos:Concept""]",http://thesauri.dainst.org/_49462e56,=,0.0,https://ark.frantiq.fr/ark:/26678/pcrtVmQTWhdSkJ,[],[],"[""skos:Concept""]",true,false negative
dh,idai-pactols,matcha_new.tar.gz,[],[],"[""skos:Concept""]",http://thesauri.dainst.org/_bd4d65a8,=,0.0,https://ark.frantiq.fr/ark:/26678/pcrtgWbicZTgZe,[],[],"[""skos:Concept""]",true,false negative
dh,idai-pactols,matcha_new.tar.gz,[],[],"[""skos:Concept""]",http://thesauri.dainst.org/_49517e78,=,0.0,https://ark.frantiq.fr/ark:/26678/pcrt36pke8yWxW,[],[],"[""skos:Concept""]",true,false negative
dh,idai-pactols,matcha_new.tar.gz,[],[],"[""skos:Concept""]",http://thesauri.dainst.org/_dafb0ad8,=,0.0,https://ark.frantiq.fr/ark:/26678/pcrtfOjLfceAZ0,[],[],"[""skos:Concept""]",true,false negative
dh,idai-parthenos,matcha_new.tar.gz,[],[],"[""skos:Concept""]",http://thesauri.dainst.org/_a671d80c,=,0.0,https://isl.ics.forth.gr/parthenos_vocabularies/Concept/7146,[],[],"[""skos:Concept""]",true,false negative
dh,idai-parthenos,matcha_new.tar.gz,[],[],"[""skos:Concept""]",http://thesauri.dainst.org/_b34a7579,=,0.0,https://isl.ics.forth.gr/parthenos_vocabularies/Concept/7154,[],[],"[""skos:Concept""]",true,false negative
dh,idai-parthenos,matcha_new.tar.gz,[],[],"[""skos:Concept""]",http://thesauri.dainst.org/_b9892df7,=,0.0,https://isl.ics.forth.gr/parthenos_vocabularies/Concept/7243,[],[],"[""skos:Concept""]",true,false negative
dh,idai-parthenos,matcha_new.tar.gz,[],[],"[""skos:Concept""]",http://thesauri.dainst.org/_ed0828c5,=,0.0,https://isl.ics.forth.gr/parthenos_vocabularies/Concept/7249,[],[],"[""skos:Concept""]",true,false negative
dh,idai-parthenos,matcha_new.tar.gz,[],[],"[""skos:Concept""]",http://thesauri.dainst.org/_8bca4bf1,=,1.0,https://isl.ics.forth.gr/parthenos_vocabularies/Concept/7219,[],[],"[""skos:Concept""]",true,true positive
dh,idai-parthenos,matcha_new.tar.gz,[],[],"[""skos:Concept""]",http://thesauri.dainst.org/_fe470a76,=,0.0,https://isl.ics.forth.gr/parthenos_vocabularies/Concept/7194,[],[],"[""skos:Concept""]",true,false negative
dh,idai-parthenos,matcha_new.tar.gz,[],[],"[""skos:Concept""]",http://thesauri.dainst.org/_5d1ac0ba,=,1.0,https://isl.ics.forth.gr/parthenos_vocabularies/Concept/7165,[],[],"[""skos:Concept""]",true,true positive
dh,idai-parthenos,matcha_new.tar.gz,[],[],"[""skos:Concept""]",http://thesauri.dainst.org/_c332e252,=,0.7730035520597662,https://isl.ics.forth.gr/parthenos_vocabularies/Concept/7161,[],[],"[""skos:Concept""]",false,false positive
dh,idai-parthenos,matcha_new.tar.gz,[],[],"[""skos:Concept""]",http://thesauri.dainst.org/_8bb3692d,=,0.0,https://isl.ics.forth.gr/parthenos_vocabularies/Concept/7221,[],[],"[""skos:Concept""]",true,false negative
dh,idai-parthenos,matcha_new.tar.gz,[],[],"[""skos:Concept""]",http://thesauri.dainst.org/_6d528ffb,=,0.0,https://isl.ics.forth.gr/parthenos_vocabularies/Concept/7115,[],[],"[""skos:Concept""]",true,false negative
dh,idai-parthenos,matcha_new.tar.gz,[],[],"[""skos:Concept""]",http://thesauri.dainst.org/_0530b8a9,=,0.9999999952941049,https://isl.ics.forth.gr/parthenos_vocabularies/Concept/7179,[],[],"[""skos:Concept""]",true,true positive
dh,idai-parthenos,matcha_new.tar.gz,[],[],"[""skos:Concept""]",http://thesauri.dainst.org/_64e2871b,=,0.0,https://isl.ics.forth.gr/parthenos_vocabularies/Concept/7172,[],[],"[""skos:Concept""]",true,false negative
dh,idai-parthenos,matcha_new.tar.gz,[],[],"[""skos:Concept""]",http://thesauri.dainst.org/_3bff2fb5,=,0.0,https://isl.ics.forth.gr/parthenos_vocabularies/Concept/7247,[],[],"[""skos:Concept""]",true,false negative
dh,idai-parthenos,matcha_new.tar.gz,[],[],"[""skos:Concept""]",http://thesauri.dainst.org/_c26d8599,=,0.0,https://isl.ics.forth.gr/parthenos_vocabularies/Concept/7246,[],[],"[""skos:Concept""]",true,false negative
dh,idai-parthenos,matcha_new.tar.gz,[],[],"[""skos:Concept""]",http://thesauri.dainst.org/_4b0d451a,=,1.0,https://isl.ics.forth.gr/parthenos_vocabularies/Concept/7107,[],[],"[""skos:Concept""]",true,true positive
dh,idai-parthenos,matcha_new.tar.gz,[],[],"[""skos:Concept""]",http://thesauri.dainst.org/_09106e2a,=,0.0,https://isl.ics.forth.gr/parthenos_vocabularies/Concept/7135,[],[],"[""skos:Concept""]",true,false negative
dh,idai-parthenos,matcha_new.tar.gz,[],[],"[""skos:Concept""]",http://thesauri.dainst.org/_1f524e33,=,0.0,https://isl.ics.forth.gr/parthenos_vocabularies/Concept/7114,[],[],"[""skos:Concept""]",true,false negative
dh,idai-parthenos,matcha_new.tar.gz,[],[],"[""skos:Concept""]",http://thesauri.dainst.org/_4d1bfe78,=,1.0,https://isl.ics.forth.gr/parthenos_vocabularies/Concept/7170,[],[],"[""skos:Concept""]",true,true positive
dh,idai-parthenos,matcha_new.tar.gz,[],[],"[""skos:Concept""]",http://thesauri.dainst.org/_c2d1bd0c,=,0.8671856370449911,https://isl.ics.forth.gr/parthenos_vocabularies/Concept/7166,[],[],"[""skos:Concept""]",false,false positive
dh,idai-parthenos,matcha_new.tar.gz,[],[],"[""skos:Concept""]",http://thesauri.dainst.org/_6d528ffb,=,0.0,https://isl.ics.forth.gr/parthenos_vocabularies/Concept/7199,[],[],"[""skos:Concept""]",true,false negative
dh,idai-parthenos,matcha_new.tar.gz,[],[],"[""skos:Concept""]",http://thesauri.dainst.org/_a0be179c,=,1.0,https://isl.ics.forth.gr/parthenos_vocabularies/Concept/7107,[],[],"[""skos:Concept""]",true,true positive
dh,idai-parthenos,matcha_new.tar.gz,[],[],"[""skos:Concept""]",http://thesauri.dainst.org/_a4276388,=,0.0,https://isl.ics.forth.gr/parthenos_vocabularies/Concept/7171,[],[],"[""skos:Concept""]",true,false negative
dh,idai-parthenos,matcha_new.tar.gz,[],[],"[""skos:Concept""]",http://thesauri.dainst.org/_ccc4d1d5,=,0.0,https://isl.ics.forth.gr/parthenos_vocabularies/Concept/7240,[],[],"[""skos:Concept""]",true,false negative
dh,idai-parthenos,matcha_new.tar.gz,[],[],"[""skos:Concept""]",http://thesauri.dainst.org/_2b089ca4,=,0.0,https://isl.ics.forth.gr/parthenos_vocabularies/Concept/7142,[],[],"[""skos:Concept""]",true,false negative
dh,idai-parthenos,matcha_new.tar.gz,[],[],"[""skos:Concept""]",http://thesauri.dainst.org/_0aa1995c,=,0.0,https://isl.ics.forth.gr/parthenos_vocabularies/Concept/7147,[],[],"[""skos:Concept""]",true,false negative
dh,idai-parthenos,matcha_new.tar.gz,[],[],"[""skos:Concept""]",http://thesauri.dainst.org/_cc22e013,=,0.0,https://isl.ics.forth.gr/parthenos_vocabularies/Concept/7216,[],[],"[""skos:Concept""]",true,false negative
dh,idai-parthenos,matcha_new.tar.gz,[],[],"[""skos:Concept""]",http://thesauri.dainst.org/_6a167951,=,0.0,https://isl.ics.forth.gr/parthenos_vocabularies/Concept/7242,[],[],"[""skos:Concept""]",true,false negative
dh,idai-parthenos,matcha_new.tar.gz,[],[],"[""skos:Concept""]",http://thesauri.dainst.org/_eef15fc7,=,0.9256613784456676,https://isl.ics.forth.gr/parthenos_vocabularies/Concept/7275,[],[],"[""skos:Concept""]",false,false positive
dh,idai-parthenos,matcha_new.tar.gz,[],[],"[""skos:Concept""]",http://thesauri.dainst.org/_1d839342,=,0.0,https://isl.ics.forth.gr/parthenos_vocabularies/Concept/7094,[],[],"[""skos:Concept""]",true,false negative
dh,idai-parthenos,matcha_new.tar.gz,[],[],"[""skos:Concept""]",http://thesauri.dainst.org/_018b18d1,=,0.0,https://isl.ics.forth.gr/parthenos_vocabularies/Concept/7266,[],[],"[""skos:Concept""]",true,false negative
dh,idai-parthenos,matcha_new.tar.gz,[],[],"[""skos:Concept""]",http://thesauri.dainst.org/_a4c97475,=,0.0,https://isl.ics.forth.gr/parthenos_vocabularies/Concept/7243,[],[],"[""skos:Concept""]",true,false negative
dh,idai-parthenos,matcha_new.tar.gz,[],[],"[""skos:Concept""]",http://thesauri.dainst.org/_afbdde2e,=,0.0,https://isl.ics.forth.gr/parthenos_vocabularies/Concept/7226,[],[],"[""skos:Concept""]",true,false negative
dh,idai-parthenos,matcha_new.tar.gz,[],[],"[""skos:Concept""]",http://thesauri.dainst.org/_fcc3853f,=,0.0,https://isl.ics.forth.gr/parthenos_vocabularies/Concept/7116,[],[],"[""skos:Concept""]",true,false negative
dh,idai-parthenos,matcha_new.tar.gz,[],[],"[""skos:Concept""]",http://thesauri.dainst.org/_59a790d9,=,0.8604781214289415,https://isl.ics.forth.gr/parthenos_vocabularies/Concept/7267,[],[],"[""skos:Concept""]",true,true positive
dh,idai-parthenos,matcha_new.tar.gz,[],[],"[""skos:Concept""]",http://thesauri.dainst.org/_acc90782,=,0.0,https://isl.ics.forth.gr/parthenos_vocabularies/Concept/7137,[],[],"[""skos:Concept""]",true,false negative
dh,idai-parthenos,matcha_new.tar.gz,[],[],"[""skos:Concept""]",http://thesauri.dainst.org/_dac3529c,=,0.0,https://isl.ics.forth.gr/parthenos_vocabularies/Concept/7184,[],[],"[""skos:Concept""]",true,false negative
dh,idai-parthenos,matcha_new.tar.gz,[],[],"[""skos:Concept""]",http://thesauri.dainst.org/_2eaf48c6,=,0.0,https://isl.ics.forth.gr/parthenos_vocabularies/Concept/7112,[],[],"[""skos:Concept""]",true,false negative
dh,idai-parthenos,matcha_new.tar.gz,[],[],"[""skos:Concept""]",http://thesauri.dainst.org/_30ac6926,=,0.0,https://isl.ics.forth.gr/parthenos_vocabularies/Concept/7163,[],[],"[""skos:Concept""]",true,false negative
dh,idai-parthenos,matcha_new.tar.gz,[],[],"[""skos:Concept""]",http://thesauri.dainst.org/_2b089ca4,=,0.0,https://isl.ics.forth.gr/parthenos_vocabularies/Concept/7223,[],[],"[""skos:Concept""]",true,false negative
dh,idai-parthenos,matcha_new.tar.gz,[],[],"[""skos:Concept""]",http://thesauri.dainst.org/_eee85fa3,=,0.0,https://isl.ics.forth.gr/parthenos_vocabularies/Concept/7201,[],[],"[""skos:Concept""]",true,false negative
dh,idai-parthenos,matcha_new.tar.gz,[],[],"[""skos:Concept""]",http://thesauri.dainst.org/_697dc279,=,0.0,https://isl.ics.forth.gr/parthenos_vocabularies/Concept/7118,[],[],"[""skos:Concept""]",true,false negative
dh,idai-parthenos,matcha_new.tar.gz,[],[],"[""skos:Concept""]",http://thesauri.dainst.org/_0117de29,=,0.0,https://isl.ics.forth.gr/parthenos_vocabularies/Concept/7111,[],[],"[""skos:Concept""]",true,false negative
dh,idai-parthenos,matcha_new.tar.gz,[],[],"[""skos:Concept""]",http://thesauri.dainst.org/_0bbbd3c7,=,0.0,https://isl.ics.forth.gr/parthenos_vocabularies/Concept/7099,[],[],"[""skos:Concept""]",true,false negative
dh,idai-parthenos,matcha_new.tar.gz,[],[],"[""skos:Concept""]",http://thesauri.dainst.org/_c332e252,=,0.0,https://isl.ics.forth.gr/parthenos_vocabularies/Concept/7213,[],[],"[""skos:Concept""]",true,false negative
dh,idai-parthenos,matcha_new.tar.gz,[],[],"[""skos:Concept""]",http://thesauri.dainst.org/_fcc3853f,=,0.0,https://isl.ics.forth.gr/parthenos_vocabularies/Concept/7152,[],[],"[""skos:Concept""]",true,false negative
dh,idai-parthenos,matcha_new.tar.gz,[],[],"[""skos:Concept""]",http://thesauri.dainst.org/_3daffa4b,=,0.0,https://isl.ics.forth.gr/parthenos_vocabularies/Concept/7190,[],[],"[""skos:Concept""]",true,false negative
dh,idai-parthenos,matcha_new.tar.gz,[],[],"[""skos:Concept""]",http://thesauri.dainst.org/_4184afc2,=,0.9999999998706386,https://isl.ics.forth.gr/parthenos_vocabularies/Concept/7164,[],[],"[""skos:Concept""]",true,true positive
dh,idai-parthenos,matcha_new.tar.gz,[],[],"[""skos:Concept""]",http://thesauri.dainst.org/_c1210d5a,=,0.0,https://isl.ics.forth.gr/parthenos_vocabularies/Concept/7161,[],[],"[""skos:Concept""]",true,false negative
dh,idai-parthenos,matcha_new.tar.gz,[],[],"[""skos:Concept""]",http://thesauri.dainst.org/_2b089ca4,=,0.9999999974618409,https://isl.ics.forth.gr/parthenos_vocabularies/Concept/7214,[],[],"[""skos:Concept""]",true,true positive
dh,idai-parthenos,matcha_new.tar.gz,[],[],"[""skos:Concept""]",http://thesauri.dainst.org/_1591f7f8,=,0.0,https://isl.ics.forth.gr/parthenos_vocabularies/Concept/7222,[],[],"[""skos:Concept""]",true,false negative
dh,idai-parthenos,matcha_new.tar.gz,[],[],"[""skos:Concept""]",http://thesauri.dainst.org/_2e5fdad9,=,0.0,https://isl.ics.forth.gr/parthenos_vocabularies/Concept/7238,[],[],"[""skos:Concept""]",true,false negative
dh,idai-parthenos,matcha_new.tar.gz,[],[],"[""skos:Concept""]",http://thesauri.dainst.org/_0117de29,=,0.9210248910370802,https://isl.ics.forth.gr/parthenos_vocabularies/Concept/7263,[],[],"[""skos:Concept""]",true,true positive
dh,idai-parthenos,matcha_new.tar.gz,[],[],"[""skos:Concept""]",http://thesauri.dainst.org/_4d1096fb,=,1.0,https://isl.ics.forth.gr/parthenos_vocabularies/Concept/7136,[],[],"[""skos:Concept""]",true,true positive
dh,idai-parthenos,matcha_new.tar.gz,[],[],"[""skos:Concept""]",http://thesauri.dainst.org/_cadb286c,=,0.9999999978955999,https://isl.ics.forth.gr/parthenos_vocabularies/Concept/7162,[],[],"[""skos:Concept""]",true,true positive
dh,idai-parthenos,matcha_new.tar.gz,[],[],"[""skos:Concept""]",http://thesauri.dainst.org/_0117de29,=,0.0,https://isl.ics.forth.gr/parthenos_vocabularies/Concept/7192,[],[],"[""skos:Concept""]",true,false negative
dh,oeai-parthenos,matcha_new.tar.gz,[],[],"[""skos:Concept""]",https://vocabs.acdh.oeaw.ac.at/oeai-cultural-periods/concept23316,=,0.0,https://isl.ics.forth.gr/parthenos_vocabularies/Concept/7169,[],[],"[""skos:Concept""]",true,false negative
dh,oeai-parthenos,matcha_new.tar.gz,[],[],"[""skos:Concept""]",https://vocabs.acdh.oeaw.ac.at/oeai-cultural-periods/concept23247,=,0.8366,https://isl.ics.forth.gr/parthenos_vocabularies/Concept/7189,[],[],"[""skos:Concept""]",true,true positive
dh,oeai-parthenos,matcha_new.tar.gz,[],[],"[""skos:Concept""]",https://vocabs.acdh.oeaw.ac.at/oeai-cultural-periods/concept23315,=,0.0,https://isl.ics.forth.gr/parthenos_vocabularies/Concept/7116,[],[],"[""skos:Concept""]",true,false negative
dh,oeai-parthenos,matcha_new.tar.gz,[],[],"[""skos:Concept""]",https://vocabs.acdh.oeaw.ac.at/oeai-cultural-periods/concept23532,=,0.9256714084611333,https://isl.ics.forth.gr/parthenos_vocabularies/Concept/7179,[],[],"[""skos:Concept""]",true,true positive
dh,oeai-parthenos,matcha_new.tar.gz,[],[],"[""skos:Concept""]",https://vocabs.acdh.oeaw.ac.at/oeai-cultural-periods/concept23225,=,0.934756414738567,https://isl.ics.forth.gr/parthenos_vocabularies/Concept/7094,[],[],"[""skos:Concept""]",true,true positive
dh,oeai-parthenos,matcha_new.tar.gz,[],[],"[""skos:Concept""]",https://vocabs.acdh.oeaw.ac.at/oeai-cultural-periods/concept23260,=,0.9289621374738938,https://isl.ics.forth.gr/parthenos_vocabularies/Concept/7239,[],[],"[""skos:Concept""]",true,true positive
dh,oeai-parthenos,matcha_new.tar.gz,[],[],"[""skos:Concept""]",https://vocabs.acdh.oeaw.ac.at/oeai-cultural-periods/concept23317,=,0.0,https://isl.ics.forth.gr/parthenos_vocabularies/Concept/7115,[],[],"[""skos:Concept""]",true,false negative
dh,oeai-parthenos,matcha_new.tar.gz,[],[],"[""skos:Concept""]",https://vocabs.acdh.oeaw.ac.at/oeai-cultural-periods/concept23546,=,0.8741999999999999,https://isl.ics.forth.gr/parthenos_vocabularies/Concept/7184,[],[],"[""skos:Concept""]",true,true positive
dh,oeai-parthenos,matcha_new.tar.gz,[],[],"[""skos:Concept""]",https://vocabs.acdh.oeaw.ac.at/oeai-cultural-periods/concept23558,=,0.9253660930980395,https://isl.ics.forth.gr/parthenos_vocabularies/Concept/7118,[],[],"[""skos:Concept""]",true,true positive
dh,oeai-parthenos,matcha_new.tar.gz,[],[],"[""skos:Concept""]",https://vocabs.acdh.oeaw.ac.at/oeai-cultural-periods/concept23514,=,0.907000870236238,https://isl.ics.forth.gr/parthenos_vocabularies/Concept/7200,[],[],"[""skos:Concept""]",true,true positive
dh,oeai-parthenos,matcha_new.tar.gz,[],[],"[""skos:Concept""]",https://vocabs.acdh.oeaw.ac.at/oeai-cultural-periods/concept23528,=,0.8920909354782575,https://isl.ics.forth.gr/parthenos_vocabularies/Concept/7099,[],[],"[""skos:Concept""]",true,true positive
dh,oeai-parthenos,matcha_new.tar.gz,[],[],"[""skos:Concept""]",https://vocabs.acdh.oeaw.ac.at/oeai-cultural-periods/concept23560,=,0.9319565102756092,https://isl.ics.forth.gr/parthenos_vocabularies/Concept/7107,[],[],"[""skos:Concept""]",true,true positive
dh,oeai-parthenos,matcha_new.tar.gz,[],[],"[""skos:Concept""]",https://vocabs.acdh.oeaw.ac.at/oeai-cultural-periods/concept23318,=,0.8366,https://isl.ics.forth.gr/parthenos_vocabularies/Concept/7125,[],[],"[""skos:Concept""]",true,true positive
dh,oeai-parthenos,matcha_new.tar.gz,[],[],"[""skos:Concept""]",https://vocabs.acdh.oeaw.ac.at/oeai-cultural-periods/concept23559,=,0.0,https://isl.ics.forth.gr/parthenos_vocabularies/Concept/7227,[],[],"[""skos:Concept""]",true,false negative
dh,oeai-parthenos,matcha_new.tar.gz,[],[],"[""skos:Concept""]",https://vocabs.acdh.oeaw.ac.at/oeai-cultural-periods/concept23525,=,0.671536,https://isl.ics.forth.gr/parthenos_vocabularies/Concept/7149,[],[],"[""skos:Concept""]",false,false positive
dh,oeai-parthenos,matcha_new.tar.gz,[],[],"[""skos:Concept""]",https://vocabs.acdh.oeaw.ac.at/oeai-cultural-periods/concept23498,=,0.9060788359010761,https://isl.ics.forth.gr/parthenos_vocabularies/Concept/7171,[],[],"[""skos:Concept""]",true,true positive
dh,oeai-parthenos,matcha_new.tar.gz,[],[],"[""skos:Concept""]",https://vocabs.acdh.oeaw.ac.at/oeai-cultural-periods/concept23553,=,0.600848,https://isl.ics.forth.gr/parthenos_vocabularies/Concept/7142,[],[],"[""skos:Concept""]",true,true positive
dh,oeai-parthenos,matcha_new.tar.gz,[],[],"[""skos:Concept""]",https://vocabs.acdh.oeaw.ac.at/oeai-cultural-periods/concept23274,=,0.9294852664323473,https://isl.ics.forth.gr/parthenos_vocabularies/Concept/7194,[],[],"[""skos:Concept""]",true,true positive
dh,oeai-parthenos,matcha_new.tar.gz,[],[],"[""skos:Concept""]",https://vocabs.acdh.oeaw.ac.at/oeai-cultural-periods/concept23275,=,0.865458,https://isl.ics.forth.gr/parthenos_vocabularies/Concept/7216,[],[],"[""skos:Concept""]",true,true positive
dh,oeai-parthenos,matcha_new.tar.gz,[],[],"[""skos:Concept""]",https://vocabs.acdh.oeaw.ac.at/oeai-cultural-periods/concept23536,=,0.6159954285714285,https://isl.ics.forth.gr/parthenos_vocabularies/Concept/7087,[],[],"[""skos:Concept""]",true,true positive
dh,oeai-parthenos,matcha_new.tar.gz,[],[],"[""skos:Concept""]",https://vocabs.acdh.oeaw.ac.at/oeai-cultural-periods/concept23243,=,0.9021031018107188,https://isl.ics.forth.gr/parthenos_vocabularies/Concept/7146,[],[],"[""skos:Concept""]",true,true positive
dh,oeai-parthenos,matcha_new.tar.gz,[],[],"[""skos:Concept""]",https://vocabs.acdh.oeaw.ac.at/oeai-cultural-periods/concept23516,=,0.6220544,https://isl.ics.forth.gr/parthenos_vocabularies/Concept/7225,[],[],"[""skos:Concept""]",true,true positive
dh,oeai-parthenos,matcha_new.tar.gz,[],[],"[""skos:Concept""]",https://vocabs.acdh.oeaw.ac.at/oeai-cultural-periods/concept23244,=,0.8366,https://isl.ics.forth.gr/parthenos_vocabularies/Concept/7268,[],[],"[""skos:Concept""]",true,true positive
dh,oeai-parthenos,matcha_new.tar.gz,[],[],"[""skos:Concept""]",https://vocabs.acdh.oeaw.ac.at/oeai-cultural-periods/concept23317,=,0.0,https://isl.ics.forth.gr/parthenos_vocabularies/Concept/7199,[],[],"[""skos:Concept""]",true,false negative
dh,oeai-parthenos,matcha_new.tar.gz,[],[],"[""skos:Concept""]",https://vocabs.acdh.oeaw.ac.at/oeai-cultural-periods/concept23271,=,0.6169134545454544,https://isl.ics.forth.gr/parthenos_vocabularies/Concept/7140,[],[],"[""skos:Concept""]",true,true positive
dh,oeai-parthenos,matcha_new.tar.gz,[],[],"[""skos:Concept""]",https://vocabs.acdh.oeaw.ac.at/oeai-cultural-periods/concept23251,=,0.688439652173913,https://isl.ics.forth.gr/parthenos_vocabularies/Concept/7208,[],[],"[""skos:Concept""]",true,true positive
dh,oeai-parthenos,matcha_new.tar.gz,[],[],"[""skos:Concept""]",https://vocabs.acdh.oeaw.ac.at/oeai-cultural-periods/concept23314,=,0.906374806914568,https://isl.ics.forth.gr/parthenos_vocabularies/Concept/7114,[],[],"[""skos:Concept""]",true,true positive
dh,oeai-parthenos,matcha_new.tar.gz,[],[],"[""skos:Concept""]",https://vocabs.acdh.oeaw.ac.at/oeai-cultural-periods/concept23256,=,0.874764,https://isl.ics.forth.gr/parthenos_vocabularies/Concept/7130,[],[],"[""skos:Concept""]",true,true positive
dh,oeai-parthenos,matcha_new.tar.gz,[],[],"[""skos:Concept""]",https://vocabs.acdh.oeaw.ac.at/oeai-cultural-periods/concept23522,=,0.9147278175130568,https://isl.ics.forth.gr/parthenos_vocabularies/Concept/7224,[],[],"[""skos:Concept""]",true,true positive
dh,oeai-parthenos,matcha_new.tar.gz,[],[],"[""skos:Concept""]",https://vocabs.acdh.oeaw.ac.at/oeai-cultural-periods/concept23226,=,0.9346864324782582,https://isl.ics.forth.gr/parthenos_vocabularies/Concept/7238,[],[],"[""skos:Concept""]",true,true positive
dh,oeai-parthenos,matcha_new.tar.gz,[],[],"[""skos:Concept""]",https://vocabs.acdh.oeaw.ac.at/oeai-cultural-periods/concept23315,=,0.0,https://isl.ics.forth.gr/parthenos_vocabularies/Concept/7152,[],[],"[""skos:Concept""]",true,false negative
dh,oeai-parthenos,matcha_new.tar.gz,[],[],"[""skos:Concept""]",https://vocabs.acdh.oeaw.ac.at/oeai-cultural-periods/concept23195,=,0.0,https://isl.ics.forth.gr/parthenos_vocabularies/Concept/7236,[],[],"[""skos:Concept""]",true,false negative
dh,oeai-parthenos,matcha_new.tar.gz,[],[],"[""skos:Concept""]",https://vocabs.acdh.oeaw.ac.at/oeai-cultural-periods/concept23545,=,0.6845574736842105,https://isl.ics.forth.gr/parthenos_vocabularies/Concept/7178,[],[],"[""skos:Concept""]",false,false positive
dh,oeai-parthenos,matcha_new.tar.gz,[],[],"[""skos:Concept""]",https://vocabs.acdh.oeaw.ac.at/oeai-cultural-periods/concept23196,=,0.8741999999999999,https://isl.ics.forth.gr/parthenos_vocabularies/Concept/7139,[],[],"[""skos:Concept""]",true,true positive
dh,oeai-parthenos,matcha_new.tar.gz,[],[],"[""skos:Concept""]",https://vocabs.acdh.oeaw.ac.at/oeai-cultural-periods/concept23502,=,0.0,https://isl.ics.forth.gr/parthenos_vocabularies/Concept/7233,[],[],"[""skos:Concept""]",true,false negative
dh,oeai-parthenos,matcha_new.tar.gz,[],[],"[""skos:Concept""]",https://vocabs.acdh.oeaw.ac.at/oeai-cultural-periods/concept23195,=,0.8741999999999999,https://isl.ics.forth.gr/parthenos_vocabularies/Concept/7221,[],[],"[""skos:Concept""]",true,true positive
dh,oeai-parthenos,matcha_new.tar.gz,[],[],"[""skos:Concept""]",https://vocabs.acdh.oeaw.ac.at/oeai-cultural-periods/concept23531,=,0.0,https://isl.ics.forth.gr/parthenos_vocabularies/Concept/7246,[],[],"[""skos:Concept""]",true,false negative
dh,oeai-parthenos,matcha_new.tar.gz,[],[],"[""skos:Concept""]",https://vocabs.acdh.oeaw.ac.at/oeai-cultural-periods/concept23543,=,0.0,https://isl.ics.forth.gr/parthenos_vocabularies/Concept/7243,[],[],"[""skos:Concept""]",true,false negative
dh,oeai-parthenos,matcha_new.tar.gz,[],[],"[""skos:Concept""]",https://vocabs.acdh.oeaw.ac.at/oeai-cultural-periods/concept23272,=,0.9340641825109468,https://isl.ics.forth.gr/parthenos_vocabularies/Concept/7266,[],[],"[""skos:Concept""]",true,true positive
dh,oeai-parthenos,matcha_new.tar.gz,[],[],"[""skos:Concept""]",https://vocabs.acdh.oeaw.ac.at/oeai-cultural-periods/concept23557,=,0.6045042758620689,https://isl.ics.forth.gr/parthenos_vocabularies/Concept/7122,[],[],"[""skos:Concept""]",false,false positive
dh,oeai-parthenos,matcha_new.tar.gz,[],[],"[""skos:Concept""]",https://vocabs.acdh.oeaw.ac.at/oeai-cultural-periods/concept23544,=,0.9322246555249222,https://isl.ics.forth.gr/parthenos_vocabularies/Concept/7188,[],[],"[""skos:Concept""]",true,true positive
dh,oeai-parthenos,matcha_new.tar.gz,[],[],"[""skos:Concept""]",https://vocabs.acdh.oeaw.ac.at/oeai-cultural-periods/concept23273,=,0.9286155389756485,https://isl.ics.forth.gr/parthenos_vocabularies/Concept/7247,[],[],"[""skos:Concept""]",true,true positive
dh,oeai-parthenos,matcha_new.tar.gz,[],[],"[""skos:Concept""]",https://vocabs.acdh.oeaw.ac.at/oeai-cultural-periods/concept23194,=,0.8741999999999999,https://isl.ics.forth.gr/parthenos_vocabularies/Concept/7215,[],[],"[""skos:Concept""]",true,true positive
dh,oeai-parthenos,matcha_new.tar.gz,[],[],"[""skos:Concept""]",https://vocabs.acdh.oeaw.ac.at/oeai-cultural-periods/concept23531,=,0.8741999999999999,https://isl.ics.forth.gr/parthenos_vocabularies/Concept/7207,[],[],"[""skos:Concept""]",true,true positive
dh,oeai-parthenos,matcha_new.tar.gz,[],[],"[""skos:Concept""]",https://vocabs.acdh.oeaw.ac.at/oeai-cultural-periods/concept23276,=,0.9291338037344962,https://isl.ics.forth.gr/parthenos_vocabularies/Concept/7147,[],[],"[""skos:Concept""]",true,true positive
dh,oeai-parthenos,matcha_new.tar.gz,[],[],"[""skos:Concept""]",https://vocabs.acdh.oeaw.ac.at/oeai-cultural-periods/concept23253,=,0.6399124210526316,https://isl.ics.forth.gr/parthenos_vocabularies/Concept/7180,[],[],"[""skos:Concept""]",false,false positive
dh,oeai-parthenos,matcha_new.tar.gz,[],[],"[""skos:Concept""]",https://vocabs.acdh.oeaw.ac.at/oeai-cultural-periods/concept23503,=,0.6786048,https://isl.ics.forth.gr/parthenos_vocabularies/Concept/7249,[],[],"[""skos:Concept""]",true,true positive
dh,oeai-parthenos,matcha_new.tar.gz,[],[],"[""skos:Concept""]",https://vocabs.acdh.oeaw.ac.at/oeai-cultural-periods/concept23545,=,0.0,https://isl.ics.forth.gr/parthenos_vocabularies/Concept/7145,[],[],"[""skos:Concept""]",true,false negative
dh,oeai-parthenos,matcha_new.tar.gz,[],[],"[""skos:Concept""]",https://vocabs.acdh.oeaw.ac.at/oeai-cultural-periods/concept23316,=,0.0,https://isl.ics.forth.gr/parthenos_vocabularies/Concept/7237,[],[],"[""skos:Concept""]",true,false negative
dh,oeai-parthenos,matcha_new.tar.gz,[],[],"[""skos:Concept""]",https://vocabs.acdh.oeaw.ac.at/oeai-cultural-periods/concept23530,=,0.8966999004676977,https://isl.ics.forth.gr/parthenos_vocabularies/Concept/7219,[],[],"[""skos:Concept""]",true,true positive
dh,oeai-parthenos,matcha_new.tar.gz,[],[],"[""skos:Concept""]",https://vocabs.acdh.oeaw.ac.at/oeai-cultural-periods/concept23495,=,0.9340220361730288,https://isl.ics.forth.gr/parthenos_vocabularies/Concept/7172,[],[],"[""skos:Concept""]",true,true positive
dh,tadirah-unesco,matcha_new.tar.gz,[],[],"[""owl:NamedIndividual"",""skos:Concept""]",https://vocabs.dariah.eu/tadirah/translating,=,0.9009256815318365,http://vocabularies.unesco.org/thesaurus/concept8357,[],[],"[""skos:Concept""]",false,false positive
dh,tadirah-unesco,matcha_new.tar.gz,[],[],"[""owl:NamedIndividual"",""skos:Concept""]",https://vocabs.dariah.eu/tadirah/annotating,=,0.7697900507788183,http://vocabularies.unesco.org/thesaurus/concept6019,[],[],"[""skos:Concept""]",false,false positive
dh,tadirah-unesco,matcha_new.tar.gz,[],[],"[""owl:NamedIndividual"",""skos:Concept""]",https://vocabs.dariah.eu/tadirah/archiving,=,0.7996982879601614,http://vocabularies.unesco.org/thesaurus/concept2744,[],[],"[""skos:Concept""]",false,false positive
dh,tadirah-unesco,matcha_new.tar.gz,[],[],"[""owl:NamedIndividual"",""skos:Concept""]",https://vocabs.dariah.eu/tadirah/eMailing,=,0.8907782984392998,http://vocabularies.unesco.org/thesaurus/concept6661,[],[],"[""skos:Concept""]",false,false positive
dh,tadirah-unesco,matcha_new.tar.gz,[],[],"[""owl:NamedIndividual"",""skos:Concept""]",https://vocabs.dariah.eu/tadirah/identifying,=,0.7941213270270457,http://vocabularies.unesco.org/thesaurus/concept450,[],[],"[""skos:Concept""]",false,false positive
dh,tadirah-unesco,matcha_new.tar.gz,[],[],"[""owl:NamedIndividual"",""skos:Concept""]",https://vocabs.dariah.eu/tadirah/encoding,=,0.9999999996116276,http://vocabularies.unesco.org/thesaurus/concept5530,[],[],"[""skos:Concept""]",true,true positive
dh,tadirah-unesco,matcha_new.tar.gz,[],[],"[""owl:NamedIndividual"",""skos:Concept""]",https://vocabs.dariah.eu/tadirah/communicating,=,1.0,http://vocabularies.unesco.org/thesaurus/concept463,[],[],"[""skos:Concept""]",false,false positive
dh,tadirah-unesco,matcha_new.tar.gz,[],[],"[""owl:NamedIndividual"",""skos:Concept""]",https://vocabs.dariah.eu/tadirah/academicPublishing,=,0.7987621985518086,http://vocabularies.unesco.org/thesaurus/concept489,[],[],"[""skos:Concept""]",false,false positive
dh,tadirah-unesco,matcha_new.tar.gz,[],[],"[""owl:NamedIndividual"",""skos:Concept""]",https://vocabs.dariah.eu/tadirah/contentAnalysis,=,1.0,http://vocabularies.unesco.org/thesaurus/concept3321,[],[],"[""skos:Concept""]",false,false positive
dh,tadirah-unesco,matcha_new.tar.gz,[],[],"[""owl:NamedIndividual"",""skos:Concept""]",https://vocabs.dariah.eu/tadirah/socialNetworking,=,0.8356325471249705,http://vocabularies.unesco.org/thesaurus/concept17089,[],[],"[""skos:Concept""]",false,false positive
dh,tadirah-unesco,matcha_new.tar.gz,[],[],"[""owl:NamedIndividual"",""skos:Concept""]",https://vocabs.dariah.eu/tadirah/relationalAnalysis,=,0.7583265517860643,http://vocabularies.unesco.org/thesaurus/concept3412,[],[],"[""skos:Concept""]",false,false positive
dh,tadirah-unesco,matcha_new.tar.gz,[],[],"[""owl:NamedIndividual"",""skos:Concept""]",https://vocabs.dariah.eu/tadirah/dataRecognition,=,0.9163442363756806,http://vocabularies.unesco.org/thesaurus/concept7387,[],[],"[""skos:Concept""]",false,false positive
dh,tadirah-unesco,matcha_new.tar.gz,[],[],"[""owl:NamedIndividual"",""skos:Concept""]",https://vocabs.dariah.eu/tadirah/digitalPublishing,=,0.8733849206410165,http://vocabularies.unesco.org/thesaurus/concept6021,[],[],"[""skos:Concept""]",true,true positive
dh,tadirah-unesco,matcha_new.tar.gz,[],[],"[""owl:NamedIndividual"",""skos:Concept""]",https://vocabs.dariah.eu/tadirah/editing,=,1.0,http://vocabularies.unesco.org/thesaurus/concept3810,[],[],"[""skos:Concept""]",false,false positive
dh,tadirah-unesco,matcha_new.tar.gz,[],[],"[""owl:NamedIndividual"",""skos:Concept""]",https://vocabs.dariah.eu/tadirah/cataloging,=,1.0,http://vocabularies.unesco.org/thesaurus/concept3799,[],[],"[""skos:Concept""]",true,true positive
dh,tadirah-unesco,matcha_new.tar.gz,[],[],"[""owl:NamedIndividual"",""skos:Concept""]",https://vocabs.dariah.eu/tadirah/photographing,=,0.8112374994204935,http://vocabularies.unesco.org/thesaurus/concept11166,[],[],"[""skos:Concept""]",false,false positive
dh,tadirah-unesco,matcha_new.tar.gz,[],[],"[""owl:NamedIndividual"",""skos:Concept""]",https://vocabs.dariah.eu/tadirah/storing,=,0.8520353710136931,http://vocabularies.unesco.org/thesaurus/concept6072,[],[],"[""skos:Concept""]",false,false positive
dh,tadirah-unesco,matcha_new.tar.gz,[],[],"[""owl:NamedIndividual"",""skos:Concept""]",https://vocabs.dariah.eu/tadirah/drawing,=,0.9027969650265142,http://vocabularies.unesco.org/thesaurus/concept4716,[],[],"[""skos:Concept""]",true,true positive
dh,tadirah-unesco,matcha_new.tar.gz,[],[],"[""owl:NamedIndividual"",""skos:Concept""]",https://vocabs.dariah.eu/tadirah/audioConferencing,=,0.7614110460994232,http://vocabularies.unesco.org/thesaurus/concept6086,[],[],"[""skos:Concept""]",false,false positive
dh,tadirah-unesco,matcha_new.tar.gz,[],[],"[""owl:NamedIndividual"",""skos:Concept""]",https://vocabs.dariah.eu/tadirah/programming,=,0.9147115549719493,http://vocabularies.unesco.org/thesaurus/concept521,[],[],"[""skos:Concept""]",true,true positive
dh,tadirah-unesco,matcha_new.tar.gz,[],[],"[""owl:NamedIndividual"",""skos:Concept""]",https://vocabs.dariah.eu/tadirah/analyzing,=,0.8846055581513088,http://vocabularies.unesco.org/thesaurus/concept10326,[],[],"[""skos:Concept""]",false,false positive
dh,tadirah-unesco,matcha_new.tar.gz,[],[],"[""owl:NamedIndividual"",""skos:Concept""]",https://vocabs.dariah.eu/tadirah/audioRecording,=,0.8703855667035874,http://vocabularies.unesco.org/thesaurus/concept9812,[],[],"[""skos:Concept""]",true,true positive
dh,tadirah-unesco,matcha_new.tar.gz,[],[],"[""owl:NamedIndividual"",""skos:Concept""]",https://vocabs.dariah.eu/tadirah/annotating,=,0.7697900507788183,http://vocabularies.unesco.org/thesaurus/concept17067,[],[],"[""skos:Concept""]",false,false positive
dh,tadirah-unesco,matcha_new.tar.gz,[],[],"[""owl:NamedIndividual"",""skos:Concept""]",https://vocabs.dariah.eu/tadirah/searching,=,0.8070083531932809,http://vocabularies.unesco.org/thesaurus/concept4479,[],[],"[""skos:Concept""]",false,false positive
dh,tadirah-unesco,matcha_new.tar.gz,[],[],"[""owl:NamedIndividual"",""skos:Concept""]",https://vocabs.dariah.eu/tadirah/videoCapture,=,0.796028989467584,http://vocabularies.unesco.org/thesaurus/concept3354,[],[],"[""skos:Concept""]",true,true positive
dh,tadirah-unesco,matcha_new.tar.gz,[],[],"[""owl:NamedIndividual"",""skos:Concept""]",https://vocabs.dariah.eu/tadirah/editing,=,0.0,http://vocabularies.unesco.org/thesaurus/concept4200,[],[],"[""skos:Concept""]",true,false negative
dh,tadirah-unesco,matcha_new.tar.gz,[],[],"[""owl:NamedIndividual"",""skos:Concept""]",https://vocabs.dariah.eu/tadirah/opticalCharacterRecognition,=,1.0,http://vocabularies.unesco.org/thesaurus/concept4954,[],[],"[""skos:Concept""]",true,true positive
dh,tadirah-unesco,matcha_new.tar.gz,[],[],"[""owl:NamedIndividual"",""skos:Concept""]",https://vocabs.dariah.eu/tadirah/communicating,=,1.0,http://vocabularies.unesco.org/thesaurus/concept460,[],[],"[""skos:Concept""]",false,false positive
dh,tadirah-unesco,matcha_new.tar.gz,[],[],"[""owl:NamedIndividual"",""skos:Concept""]",https://vocabs.dariah.eu/tadirah/writing,=,1.0,http://vocabularies.unesco.org/thesaurus/concept5829,[],[],"[""skos:Concept""]",true,true positive
dh,tadirah-unesco,matcha_new.tar.gz,[],[],"[""owl:NamedIndividual"",""skos:Concept""]",https://vocabs.dariah.eu/tadirah/recording,=,1.0,http://vocabularies.unesco.org/thesaurus/concept505,[],[],"[""skos:Concept""]",true,true positive
dh,tadirah-unesco,matcha_new.tar.gz,[],[],"[""owl:NamedIndividual"",""skos:Concept""]",https://vocabs.dariah.eu/tadirah/informationRetrieval,=,1.0,http://vocabularies.unesco.org/thesaurus/concept514,[],[],"[""skos:Concept""]",true,true positive
dh,tadirah-unesco,matcha_new.tar.gz,[],[],"[""owl:NamedIndividual"",""skos:Concept""]",https://vocabs.dariah.eu/tadirah/stylisticAnalysis,=,0.8269792399512675,http://vocabularies.unesco.org/thesaurus/concept7181,[],[],"[""skos:Concept""]",false,false positive
dh,tadirah-unesco,matcha_new.tar.gz,[],[],"[""owl:NamedIndividual"",""skos:Concept""]",https://vocabs.dariah.eu/tadirah/structuralAnalysis,=,0.7980175401051154,http://vocabularies.unesco.org/thesaurus/concept5850,[],[],"[""skos:Concept""]",false,false positive
dh,tadirah-unesco,matcha_new.tar.gz,[],[],"[""owl:NamedIndividual"",""skos:Concept""]",https://vocabs.dariah.eu/tadirah/networkAnalysis,=,0.7830189606212231,http://vocabularies.unesco.org/thesaurus/concept3897,[],[],"[""skos:Concept""]",false,false positive
dh,tadirah-unesco,matcha_new.tar.gz,[],[],"[""owl:NamedIndividual"",""skos:Concept""]",https://vocabs.dariah.eu/tadirah/spatialAnalysis,=,0.8152082085134749,http://vocabularies.unesco.org/thesaurus/concept5258,[],[],"[""skos:Concept""]",false,false positive
dh,tadirah-unesco,matcha_new.tar.gz,[],[],"[""owl:NamedIndividual"",""skos:Concept""]",https://vocabs.dariah.eu/tadirah/mapping,=,0.8422591488750808,http://vocabularies.unesco.org/thesaurus/concept3270,[],[],"[""skos:Concept""]",false,false positive
dh,tadirah-unesco,matcha_new.tar.gz,[],[],"[""owl:NamedIndividual"",""skos:Concept""]",https://vocabs.dariah.eu/tadirah/disseminating,=,0.7984865602989503,http://vocabularies.unesco.org/thesaurus/concept512,[],[],"[""skos:Concept""]",true,true positive
dh,tadirah-unesco,matcha_new.tar.gz,[],[],"[""owl:NamedIndividual"",""skos:Concept""]",https://vocabs.dariah.eu/tadirah/publishing,=,1.0,http://vocabularies.unesco.org/thesaurus/concept3810,[],[],"[""skos:Concept""]",true,true positive
dh,tadirah-unesco,matcha_new.tar.gz,[],[],"[""owl:NamedIndividual"",""skos:Concept""]",https://vocabs.dariah.eu/tadirah/patternRecognition,=,0.9999999990637345,http://vocabularies.unesco.org/thesaurus/concept3054,[],[],"[""skos:Concept""]",true,true positive
dh,tadirah-unesco,matcha_new.tar.gz,[],[],"[""owl:NamedIndividual"",""skos:Concept""]",https://vocabs.dariah.eu/tadirah/capturing,=,0.8270956799771327,http://vocabularies.unesco.org/thesaurus/concept511,[],[],"[""skos:Concept""]",false,false positive
dh,ironagedanube-pactols,matcha_new.tar.gz,[],[],"[""skos:Concept""]",https://vocabs.acdh.oeaw.ac.at/iadthesaurus/scheme/concept341,=,0.8098999999999998,https://ark.frantiq.fr/ark:/26678/pcrts62Z2hl4ux,[],[],"[""skos:Concept""]",true,true positive
dh,ironagedanube-pactols,matcha_new.tar.gz,[],[],"[""skos:Concept""]",https://vocabs.acdh.oeaw.ac.at/iadthesaurus/scheme/concept369,=,0.7919999999999998,https://ark.frantiq.fr/ark:/26678/pcrtms2OAv82PY,[],[],"[""skos:Concept""]",false,false positive
dh,ironagedanube-pactols,matcha_new.tar.gz,[],[],"[""skos:Concept""]",https://vocabs.acdh.oeaw.ac.at/iadthesaurus/scheme/concept340,=,0.7831999999999999,https://ark.frantiq.fr/ark:/26678/pcrtkeLpJpVN4t,[],[],"[""skos:Concept""]",false,false positive
dh,ironagedanube-pactols,matcha_new.tar.gz,[],[],"[""skos:Concept""]",https://vocabs.acdh.oeaw.ac.at/iadthesaurus/scheme/concept336,=,0.8007999999999998,https://ark.frantiq.fr/ark:/26678/pcrthcbe2XySTb,[],[],"[""skos:Concept""]",true,true positive
dh,ironagedanube-pactols,matcha_new.tar.gz,[],[],"[""skos:Concept""]",https://vocabs.acdh.oeaw.ac.at/iadthesaurus/scheme/concept319,=,0.0,https://ark.frantiq.fr/ark:/26678/pcrtSu7E2Qh0Xv,[],[],"[""skos:Concept""]",true,false negative
dh,ironagedanube-pactols,matcha_new.tar.gz,[],[],"[""skos:Concept""]",https://vocabs.acdh.oeaw.ac.at/iadthesaurus/scheme/concept387,=,0.7919999999999998,https://ark.frantiq.fr/ark:/26678/pcrtxKnfzXYMxK,[],[],"[""skos:Concept""]",true,true positive
dh,ironagedanube-pactols,matcha_new.tar.gz,[],[],"[""skos:Concept""]",https://vocabs.acdh.oeaw.ac.at/iadthesaurus/scheme/concept338,=,0.8949720671480779,https://ark.frantiq.fr/ark:/26678/pcrtF9P4mbuyGk,[],[],"[""skos:Concept""]",true,true positive
dh,defc-pactols,matcha_new.tar.gz,[],[],"[""skos:Concept""]",https://vocabs.acdh.oeaw.ac.at/defcthesaurus/tell/4.2,=,0.8741999999999999,https://ark.frantiq.fr/ark:/26678/pcrtx4sFxmENjb,[],[],"[""skos:Concept""]",true,true positive
dh,defc-pactols,matcha_new.tar.gz,[],[],"[""skos:Concept""]",https://vocabs.acdh.oeaw.ac.at/defcthesaurus/cairn/5.8,=,0.8561519999999999,https://ark.frantiq.fr/ark:/26678/pcrtAqKgmvERHQ,[],[],"[""skos:Concept""]",true,true positive
dh,defc-pactols,matcha_new.tar.gz,[],[],"[""skos:Concept""]",https://vocabs.acdh.oeaw.ac.at/defcthesaurus/pit/5.4,=,0.8849717515251369,https://ark.frantiq.fr/ark:/26678/pcrtms2OAv82PY,[],[],"[""skos:Concept""]",true,true positive
dh,defc-pactols,matcha_new.tar.gz,[],[],"[""skos:Concept""]",https://vocabs.acdh.oeaw.ac.at/defcthesaurus/fireplace/5.1,=,0.8183999999999998,https://ark.frantiq.fr/ark:/26678/pcrtJUwAaZ7Nz9,[],[],"[""skos:Concept""]",true,true positive
dh,defc-pactols,matcha_new.tar.gz,[],[],"[""skos:Concept""]",https://vocabs.acdh.oeaw.ac.at/defcthesaurus/pile_dwelling/5.4,=,0.8271999999999998,https://ark.frantiq.fr/ark:/26678/pcrt5MQsnfNDTD,[],[],"[""skos:Concept""]",true,true positive
dh,defc-pactols,matcha_new.tar.gz,[],[],"[""skos:Concept""]",https://vocabs.acdh.oeaw.ac.at/defcthesaurus/rock_shelter/3.2,=,0.8183999999999998,https://ark.frantiq.fr/ark:/26678/pcrtkeLpJpVN4t,[],[],"[""skos:Concept""]",true,true positive
dh,defc-pactols,matcha_new.tar.gz,[],[],"[""skos:Concept""]",https://vocabs.acdh.oeaw.ac.at/defcthesaurus/settlement_enclosure/4.073,=,0.0,https://ark.frantiq.fr/ark:/26678/pcrtKei7jxhn32,[],[],"[""skos:Concept""]",true,false negative
dh,defc-pactols,matcha_new.tar.gz,[],[],"[""skos:Concept""]",https://vocabs.acdh.oeaw.ac.at/defcthesaurus/waste_pit/5.20,=,0.8849717515251369,https://ark.frantiq.fr/ark:/26678/pcrtp5Wcpmp9I3,[],[],"[""skos:Concept""]",true,true positive
dh,defc-pactols,matcha_new.tar.gz,[],[],"[""skos:Concept""]",https://vocabs.acdh.oeaw.ac.at/defcthesaurus/hearth/5.3,=,0.8183999999999998,https://ark.frantiq.fr/ark:/26678/pcrtJUwAaZ7Nz9,[],[],"[""skos:Concept""]",true,true positive
dh,defc-pactols,matcha_new.tar.gz,[],[],"[""skos:Concept""]",https://vocabs.acdh.oeaw.ac.at/defcthesaurus/cave/3.1,=,0.8183999999999998,https://ark.frantiq.fr/ark:/26678/pcrtxKnfzXYMxK,[],[],"[""skos:Concept""]",true,true positive
dh,dha-unesco,matcha_new.tar.gz,[],[],"[""skos:Concept""]",https://vocabs.acdh.oeaw.ac.at/dhataxonomy/Concept34,=,0.9320054465942449,http://vocabularies.unesco.org/thesaurus/concept3354,[],[],"[""skos:Concept""]",true,true positive
dh,dha-unesco,matcha_new.tar.gz,[],[],"[""skos:Concept""]",https://vocabs.acdh.oeaw.ac.at/dhataxonomy/Concept61,=,0.8915079431983128,http://vocabularies.unesco.org/thesaurus/concept17094,[],[],"[""skos:Concept""]",true,true positive
dh,dha-unesco,matcha_new.tar.gz,[],[],"[""skos:Concept""]",https://vocabs.acdh.oeaw.ac.at/dhataxonomy/Concept9,=,0.7614798422751743,http://vocabularies.unesco.org/thesaurus/concept12437,[],[],"[""skos:Concept""]",false,false positive
dh,dha-unesco,matcha_new.tar.gz,[],[],"[""skos:Concept""]",https://vocabs.acdh.oeaw.ac.at/dhataxonomy/Concept28,=,0.8253179366642683,http://vocabularies.unesco.org/thesaurus/concept3411,[],[],"[""skos:Concept""]",false,false positive
dh,dha-unesco,matcha_new.tar.gz,[],[],"[""skos:Concept""]",https://vocabs.acdh.oeaw.ac.at/dhataxonomy/Concept37,=,0.933657640595432,http://vocabularies.unesco.org/thesaurus/concept3270,[],[],"[""skos:Concept""]",true,true positive
dh,dha-unesco,matcha_new.tar.gz,[],[],"[""skos:Concept""]",https://vocabs.acdh.oeaw.ac.at/dhataxonomy/Concept49,=,0.7997074108429338,http://vocabularies.unesco.org/thesaurus/concept17089,[],[],"[""skos:Concept""]",false,false positive
dh,dha-unesco,matcha_new.tar.gz,[],[],"[""skos:Concept""]",https://vocabs.acdh.oeaw.ac.at/dhataxonomy/Concept68,=,0.9591425872383594,http://vocabularies.unesco.org/thesaurus/concept7411,[],[],"[""skos:Concept""]",true,true positive
dh,dha-unesco,matcha_new.tar.gz,[],[],"[""skos:Concept""]",https://vocabs.acdh.oeaw.ac.at/dhataxonomy/Concept53,=,0.9245941263233571,http://vocabularies.unesco.org/thesaurus/concept5790,[],[],"[""skos:Concept""]",false,false positive
dh,dha-unesco,matcha_new.tar.gz,[],[],"[""skos:Concept""]",https://vocabs.acdh.oeaw.ac.at/dhataxonomy/Concept38,=,1.0,http://vocabularies.unesco.org/thesaurus/concept8419,[],[],"[""skos:Concept""]",false,false positive
dh,dha-unesco,matcha_new.tar.gz,[],[],"[""skos:Concept""]",https://vocabs.acdh.oeaw.ac.at/dhataxonomy/Concept41,=,1.0,http://vocabularies.unesco.org/thesaurus/concept4954,[],[],"[""skos:Concept""]",true,true positive
dh,dha-unesco,matcha_new.tar.gz,[],[],"[""skos:Concept""]",https://vocabs.acdh.oeaw.ac.at/dhataxonomy/Concept64,=,0.8361600124210308,http://vocabularies.unesco.org/thesaurus/concept2969,[],[],"[""skos:Concept""]",false,false positive
dh,dha-unesco,matcha_new.tar.gz,[],[],"[""skos:Concept""]",https://vocabs.acdh.oeaw.ac.at/dhataxonomy/Concept47,=,1.0,http://vocabularies.unesco.org/thesaurus/concept17000,[],[],"[""skos:Concept""]",true,true positive
dh,dha-unesco,matcha_new.tar.gz,[],[],"[""skos:Concept""]",https://vocabs.acdh.oeaw.ac.at/dhataxonomy/Concept33,=,0.8703855667035874,http://vocabularies.unesco.org/thesaurus/concept9812,[],[],"[""skos:Concept""]",true,true positive
dh,dha-unesco,matcha_new.tar.gz,[],[],"[""skos:Concept""]",https://vocabs.acdh.oeaw.ac.at/dhataxonomy/Concept63,=,0.9147115549719493,http://vocabularies.unesco.org/thesaurus/concept521,[],[],"[""skos:Concept""]",false,false positive
dh,dha-unesco,matcha_new.tar.gz,[],[],"[""skos:Concept""]",https://vocabs.acdh.oeaw.ac.at/dhataxonomy/Concept2,=,0.886733117282558,http://vocabularies.unesco.org/thesaurus/concept5530,[],[],"[""skos:Concept""]",false,false positive
dh,dha-unesco,matcha_new.tar.gz,[],[],"[""skos:Concept""]",https://vocabs.acdh.oeaw.ac.at/dhataxonomy/Concept51.01,=,0.9313132104671199,http://vocabularies.unesco.org/thesaurus/concept11605,[],[],"[""skos:Concept""]",true,true positive
dh,dha-unesco,matcha_new.tar.gz,[],[],"[""skos:Concept""]",https://vocabs.acdh.oeaw.ac.at/dhataxonomy/Concept18,=,0.9008909160674794,http://vocabularies.unesco.org/thesaurus/concept464,[],[],"[""skos:Concept""]",false,false positive
dh,dha-unesco,matcha_new.tar.gz,[],[],"[""skos:Concept""]",https://vocabs.acdh.oeaw.ac.at/dhataxonomy/Concept6,=,0.9999999994437955,http://vocabularies.unesco.org/thesaurus/concept3799,[],[],"[""skos:Concept""]",false,false positive
dh,dha-unesco,matcha_new.tar.gz,[],[],"[""skos:Concept""]",https://vocabs.acdh.oeaw.ac.at/dhataxonomy/Concept57,=,0.7588585986731294,http://vocabularies.unesco.org/thesaurus/concept3814,[],[],"[""skos:Concept""]",false,false positive
dh,dha-unesco,matcha_new.tar.gz,[],[],"[""skos:Concept""]",https://vocabs.acdh.oeaw.ac.at/dhataxonomy/Concept46,=,1.0,http://vocabularies.unesco.org/thesaurus/concept3410,[],[],"[""skos:Concept""]",true,true positive
dh,dha-unesco,matcha_new.tar.gz,[],[],"[""skos:Concept""]",https://vocabs.acdh.oeaw.ac.at/dhataxonomy/Concept60,=,0.9999999980931538,http://vocabularies.unesco.org/thesaurus/concept17127,[],[],"[""skos:Concept""]",true,true positive
dh,dha-unesco,matcha_new.tar.gz,[],[],"[""skos:Concept""]",https://vocabs.acdh.oeaw.ac.at/dhataxonomy/Concept39.04,=,0.8018055360246406,http://vocabularies.unesco.org/thesaurus/concept7974,[],[],"[""skos:Concept""]",false,false positive
dh,pactols-parthenos,matcha_new.tar.gz,[],[],"[""skos:Concept""]",https://ark.frantiq.fr/ark:/26678/pcrtxKnfzXYMxK,=,0.8271999999999998,https://isl.ics.forth.gr/parthenos_vocabularies/Concept/32324,[],[],"[""skos:Concept""]",true,true positive
dh,pactols-parthenos,matcha_new.tar.gz,[],[],"[""skos:Concept""]",https://ark.frantiq.fr/ark:/26678/pcrtKei7jxhn32,=,0.8189279999999999,https://isl.ics.forth.gr/parthenos_vocabularies/Concept/32207,[],[],"[""skos:Concept""]",false,false positive
dh,pactols-parthenos,matcha_new.tar.gz,[],[],"[""skos:Concept""]",https://ark.frantiq.fr/ark:/26678/pcrtNU9yWjKe6U,=,0.8189279999999999,https://isl.ics.forth.gr/parthenos_vocabularies/Concept/32636,[],[],"[""skos:Concept""]",false,false positive
dh,pactols-parthenos,matcha_new.tar.gz,[],[],"[""skos:Concept""]",https://ark.frantiq.fr/ark:/26678/pcrtXGgQa70ZVU,=,0.0,https://isl.ics.forth.gr/parthenos_vocabularies/Concept/32971,[],[],"[""skos:Concept""]",true,false negative
dh,pactols-parthenos,matcha_new.tar.gz,[],[],"[""skos:Concept""]",https://ark.frantiq.fr/ark:/26678/pcrts62Z2hl4ux,=,0.8282339999999998,https://isl.ics.forth.gr/parthenos_vocabularies/Concept/32910,[],[],"[""skos:Concept""]",true,true positive
dh,pactols-parthenos,matcha_new.tar.gz,[],[],"[""skos:Concept""]",https://ark.frantiq.fr/ark:/26678/crtdVpqD9Y6ym,=,0.8741999999999999,https://isl.ics.forth.gr/parthenos_vocabularies/Concept/32318,[],[],"[""skos:Concept""]",true,true positive
dh,pactols-parthenos,matcha_new.tar.gz,[],[],"[""skos:Concept""]",https://ark.frantiq.fr/ark:/26678/pcrtfUWF9GVr4q,=,0.0,https://isl.ics.forth.gr/parthenos_vocabularies/Concept/32290,[],[],"[""skos:Concept""]",true,false negative
dh,pactols-parthenos,matcha_new.tar.gz,[],[],"[""skos:Concept""]",https://ark.frantiq.fr/ark:/26678/pcrtAqKgmvERHQ,=,0.8561519999999999,https://isl.ics.forth.gr/parthenos_vocabularies/Concept/32641,[],[],"[""skos:Concept""]",true,true positive
dh,pactols-parthenos,matcha_new.tar.gz,[],[],"[""skos:Concept""]",https://ark.frantiq.fr/ark:/26678/pcrtkeLpJpVN4t,=,0.8271999999999998,https://isl.ics.forth.gr/parthenos_vocabularies/Concept/32490,[],[],"[""skos:Concept""]",true,true positive
dh,pactols-parthenos,matcha_new.tar.gz,[],[],"[""skos:Concept""]",https://ark.frantiq.fr/ark:/26678/pcrt9PJh9aTXv4,=,0.8271999999999998,https://isl.ics.forth.gr/parthenos_vocabularies/Concept/32349,[],[],"[""skos:Concept""]",true,true positive
dh,pactols-parthenos,matcha_new.tar.gz,[],[],"[""skos:Concept""]",https://ark.frantiq.fr/ark:/26678/pcrtVhTRix41ic,=,0.8366,https://isl.ics.forth.gr/parthenos_vocabularies/Concept/32286,[],[],"[""skos:Concept""]",true,true positive
dh,pactols-parthenos,matcha_new.tar.gz,[],[],"[""skos:Concept""]",https://ark.frantiq.fr/ark:/26678/pcrtx4sFxmENjb,=,0.8741999999999999,https://isl.ics.forth.gr/parthenos_vocabularies/Concept/32867,[],[],"[""skos:Concept""]",true,true positive
dh,pactols-parthenos,matcha_new.tar.gz,[],[],"[""skos:Concept""]",https://ark.frantiq.fr/ark:/26678/pcrtHIjtOg1P75,=,0.8271999999999999,https://isl.ics.forth.gr/parthenos_vocabularies/Concept/32228,[],[],"[""skos:Concept""]",true,true positive
dh,pactols-parthenos,matcha_new.tar.gz,[],[],"[""skos:Concept""]",https://ark.frantiq.fr/ark:/26678/pcrtF9P4mbuyGk,=,0.8365999999999999,https://isl.ics.forth.gr/parthenos_vocabularies/Concept/32655,[],[],"[""skos:Concept""]",true,true positive
